{"initial_reset_timestamp": 1574781401.1867034, "timestamps": [1574781404.286752, 1574781405.7369359, 1574781406.6381247, 1574781407.0867305, 1574781407.9367697, 1574781408.5868485, 1574781409.1867485, 1574781409.7867475, 1574781410.4867396, 1574781412.5867345, 1574781414.796715, 1574781415.62674, 1574781416.2767463, 1574781417.4267528, 1574781418.2267976, 1574781419.5267444, 1574781420.3767555, 1574781421.4267535, 1574781422.1267514, 1574781422.7767525, 1574781425.056751, 1574781425.9967678, 1574781427.9467704, 1574781429.0467496, 1574781429.7967458, 1574781430.946738, 1574781431.5967348, 1574781432.4467905, 1574781433.496691, 1574781434.7967465, 1574781435.8567288, 1574781437.236745, 1574781437.7868032, 1574781438.3367524, 1574781439.4367452, 1574781440.1878939, 1574781440.986771, 1574781441.9367666, 1574781443.0868266, 1574781446.9367476, 1574781447.9967973, 1574781448.986756, 1574781450.4867406, 1574781451.4867415, 1574781452.1367526, 1574781454.1867611, 1574781455.83675, 1574781456.3367524, 1574781456.986744, 1574781458.3867457, 1574781460.216787, 1574781461.056708, 1574781463.7567554, 1574781464.3567555, 1574781465.7067509, 1574781466.4567447, 1574781468.256752, 1574781471.1567383, 1574781472.456755, 1574781474.0567484, 1574781477.1367924, 1574781478.4269557, 1574781479.4767127, 1574781480.6268027, 1574781481.4767566, 1574781482.5267413, 1574781484.7767396, 1574781485.6269436, 1574781487.0768127, 1574781489.076752, 1574781491.2170076, 1574781493.9367564, 1574781494.9367492, 1574781497.2867658, 1574781498.6867535, 1574781500.2867496, 1574781501.6867473, 1574781503.7867773, 1574781505.4867609, 1574781506.736778, 1574781507.8367317, 1574781509.026735, 1574781510.4267452, 1574781511.126768, 1574781511.9767518, 1574781513.0267448, 1574781514.7267551, 1574781517.4768307, 1574781518.5767505, 1574781519.8267417, 1574781520.9767349, 1574781522.4167435, 1574781523.1667879, 1574781525.3669615, 1574781526.6168387, 1574781527.6167493, 1574781529.3167343, 1574781530.3167326, 1574781533.61675, 1574781536.8167808, 1574781538.6267955, 1574781539.6267369, 1574781544.126752, 1574781545.1767478, 1574781548.5767965, 1574781551.826738, 1574781559.4767592, 1574781565.326719, 1574781571.9767623, 1574781577.5767455, 1574781579.8767517, 1574781582.0067425, 1574781583.5567439, 1574781585.7567391, 1574781587.606748, 1574781590.3567502, 1574781592.9067779, 1574781594.7067556, 1574781596.9067404, 1574781606.8668103, 1574781609.8367486, 1574781611.9367409, 1574781615.4367588, 1574781623.136735, 1574781626.286758, 1574781630.3867414, 1574781632.2368646, 1574781634.2867467, 1574781637.4867666, 1574781646.4369004, 1574781656.526753, 1574781666.1667593, 1574781668.266764, 1574781669.3668742, 1574781672.91676, 1574781679.6167755, 1574781681.7667437, 1574781689.2167854, 1574781692.0167804, 1574781695.4667964, 1574781699.4368098, 1574781705.6267834, 1574781707.9767363, 1574781710.076749, 1574781718.5267441, 1574781720.076744, 1574781722.0767539, 1574781724.226749, 1574781727.7767556, 1574781737.7267675, 1574781738.8767514, 1574781745.7267458, 1574781747.576797, 1574781749.6267543, 1574781751.3267531, 1574781761.3267453, 1574781771.276755, 1574781781.276753, 1574781791.2767835, 1574781801.227895, 1574781811.4067466, 1574781821.3967693, 1574781831.3968463, 1574781841.346772, 1574781851.3467646, 1574781861.346753, 1574781871.346763, 1574781881.3468509, 1574781891.3467598, 1574781901.2967584, 1574781911.4167469, 1574781921.4567611, 1574781931.4567513, 1574781941.456757, 1574781951.4667692, 1574781961.4667637, 1574781971.4667873, 1574781981.4668734, 1574781991.4267478, 1574782001.4267526, 1574782011.6067495, 1574782021.5967412, 1574782031.5967488, 1574782041.6075363, 1574782051.6067438, 1574782061.606755, 1574782071.606748, 1574782081.606754, 1574782091.6167884, 1574782101.6368291, 1574782112.436936, 1574782122.436924, 1574782132.4467638, 1574782142.4467535, 1574782152.4467485, 1574782162.446899, 1574782172.4467485, 1574782182.4467437, 1574782192.4567518, 1574782202.4568017, 1574782212.696749, 1574782222.7268004, 1574782232.7367482, 1574782242.7367406, 1574782252.7367353, 1574782262.7367756, 1574782272.7367578, 1574782282.736801], "episode_lengths": [20, 30, 19, 8, 17, 13, 11, 12, 14, 43, 41, 16, 12, 23, 16, 25, 17, 20, 14, 12, 44, 17, 39, 22, 14, 22, 13, 16, 21, 25, 19, 26, 10, 11, 21, 15, 15, 18, 23, 77, 19, 18, 30, 19, 12, 41, 33, 9, 12, 27, 34, 16, 54, 12, 26, 14, 36, 58, 25, 32, 57, 25, 20, 23, 16, 20, 45, 16, 29, 39, 40, 54, 19, 47, 27, 31, 28, 41, 34, 24, 19, 24, 27, 13, 16, 21, 33, 55, 21, 24, 20, 28, 14, 44, 24, 19, 34, 19, 66, 64, 33, 19, 90, 20, 68, 65, 154, 117, 133, 112, 42, 41, 30, 44, 36, 55, 50, 36, 43, 200, 56, 42, 70, 154, 62, 82, 36, 41, 63, 180, 194, 193, 42, 21, 70, 134, 43, 149, 55, 69, 75, 124, 47, 41, 169, 30, 40, 42, 70, 200, 20, 137, 36, 41, 33, 200, 200, 200, 200, 200, 200, 200, 200, 200, 200, 200, 200, 200, 200, 200, 200, 200, 200, 200, 200, 200, 200, 200, 200, 200, 200, 200, 200, 200, 200, 200, 200, 200, 200, 200, 200, 200, 200, 200, 200, 200, 200, 200, 200, 200, 200, 200, 200, 200, 200, 200, 200, 200], "episode_rewards": [20.0, 30.0, 19.0, 8.0, 17.0, 13.0, 11.0, 12.0, 14.0, 43.0, 41.0, 16.0, 12.0, 23.0, 16.0, 25.0, 17.0, 20.0, 14.0, 12.0, 44.0, 17.0, 39.0, 22.0, 14.0, 22.0, 13.0, 16.0, 21.0, 25.0, 19.0, 26.0, 10.0, 11.0, 21.0, 15.0, 15.0, 18.0, 23.0, 77.0, 19.0, 18.0, 30.0, 19.0, 12.0, 41.0, 33.0, 9.0, 12.0, 27.0, 34.0, 16.0, 54.0, 12.0, 26.0, 14.0, 36.0, 58.0, 25.0, 32.0, 57.0, 25.0, 20.0, 23.0, 16.0, 20.0, 45.0, 16.0, 29.0, 39.0, 40.0, 54.0, 19.0, 47.0, 27.0, 31.0, 28.0, 41.0, 34.0, 24.0, 19.0, 24.0, 27.0, 13.0, 16.0, 21.0, 33.0, 55.0, 21.0, 24.0, 20.0, 28.0, 14.0, 44.0, 24.0, 19.0, 34.0, 19.0, 66.0, 64.0, 33.0, 19.0, 90.0, 20.0, 68.0, 65.0, 154.0, 117.0, 133.0, 112.0, 42.0, 41.0, 30.0, 44.0, 36.0, 55.0, 50.0, 36.0, 43.0, 200.0, 56.0, 42.0, 70.0, 154.0, 62.0, 82.0, 36.0, 41.0, 63.0, 180.0, 194.0, 193.0, 42.0, 21.0, 70.0, 134.0, 43.0, 149.0, 55.0, 69.0, 75.0, 124.0, 47.0, 41.0, 169.0, 30.0, 40.0, 42.0, 70.0, 200.0, 20.0, 137.0, 36.0, 41.0, 33.0, 200.0, 200.0, 200.0, 200.0, 200.0, 200.0, 200.0, 200.0, 200.0, 200.0, 200.0, 200.0, 200.0, 200.0, 200.0, 200.0, 200.0, 200.0, 200.0, 200.0, 200.0, 200.0, 200.0, 200.0, 200.0, 200.0, 200.0, 200.0, 200.0, 200.0, 200.0, 200.0, 200.0, 200.0, 200.0, 200.0, 200.0, 200.0, 200.0, 200.0, 200.0, 200.0, 200.0, 200.0, 200.0, 200.0, 200.0, 200.0, 200.0, 200.0, 200.0, 200.0, 200.0], "episode_types": ["t", "t", "t", "t", "t", "t", "t", "t", "t", "t", "t", "t", "t", "t", "t", "t", "t", "t", "t", "t", "t", "t", "t", "t", "t", "t", "t", "t", "t", "t", "t", "t", "t", "t", "t", "t", "t", "t", "t", "t", "t", "t", "t", "t", "t", "t", "t", "t", "t", "t", "t", "t", "t", "t", "t", "t", "t", "t", "t", "t", "t", "t", "t", "t", "t", "t", "t", "t", "t", "t", "t", "t", "t", "t", "t", "t", "t", "t", "t", "t", "t", "t", "t", "t", "t", "t", "t", "t", "t", "t", "t", "t", "t", "t", "t", "t", "t", "t", "t", "t", "t", "t", "t", "t", "t", "t", "t", "t", "t", "t", "t", "t", "t", "t", "t", "t", "t", "t", "t", "t", "t", "t", "t", "t", "t", "t", "t", "t", "t", "t", "t", "t", "t", "t", "t", "t", "t", "t", "t", "t", "t", "t", "t", "t", "t", "t", "t", "t", "t", "t", "t", "t", "t", "t", "t", "t", "t", "t", "t", "t", "t", "t", "t", "t", "t", "t", "t", "t", "t", "t", "t", "t", "t", "t", "t", "t", "t", "t", "t", "t", "t", "t", "t", "t", "t", "t", "t", "t", "t", "t", "t", "t", "t", "t", "t", "t", "t", "t", "t", "t", "t", "t", "t", "t", "t", "t", "t", "t", "t"]}