{"initial_reset_timestamp": 1593115339.8469875, "timestamps": [1593115340.6151512, 1593115340.8324265, 1593115340.9299583, 1593115341.007361, 1593115341.3569224, 1593115341.5184233, 1593115341.6148438, 1593115341.8056448, 1593115341.9846797, 1593115342.2013576, 1593115342.3684835, 1593115342.484261, 1593115342.6084266, 1593115342.791124, 1593115342.917511, 1593115343.0584779, 1593115343.2410407, 1593115343.3779755, 1593115343.453483, 1593115343.5719786, 1593115343.6744642, 1593115343.7560794, 1593115343.947449, 1593115344.131981, 1593115344.2277062, 1593115344.3367083, 1593115344.3870683, 1593115344.5173545, 1593115344.5966985, 1593115344.6864831, 1593115344.8108702, 1593115344.883925, 1593115344.9424245, 1593115345.0217156, 1593115345.1437812, 1593115345.2122, 1593115345.2692807, 1593115345.4467866, 1593115345.6354897, 1593115345.7777495, 1593115345.8747644, 1593115346.0495565, 1593115346.221738, 1593115346.2864194, 1593115346.5234861, 1593115346.7206812, 1593115346.8825996, 1593115347.028516, 1593115347.1074793, 1593115347.5595977, 1593115348.522753, 1593115349.1934814, 1593115349.3290777, 1593115349.4753947, 1593115349.6810217, 1593115349.787796, 1593115350.1569273, 1593115350.2863643, 1593115350.3939865, 1593115350.4712083, 1593115350.6522865, 1593115350.9632328, 1593115351.1517642, 1593115351.272734, 1593115351.4884498, 1593115351.5655692, 1593115351.647008, 1593115351.8449705, 1593115351.9939485, 1593115352.1632438, 1593115352.3008687, 1593115352.4865882, 1593115352.6168783, 1593115352.8223078, 1593115352.9500148, 1593115353.023439, 1593115353.1871374, 1593115353.7185276, 1593115354.1901028, 1593115354.237764, 1593115354.3547995, 1593115354.5106382, 1593115354.7535837, 1593115355.0186777, 1593115355.1639004, 1593115355.3100927, 1593115355.6872768, 1593115355.8431191, 1593115355.9385073, 1593115356.0072353, 1593115356.2231603, 1593115356.4823215, 1593115356.5962815, 1593115356.9358015, 1593115357.435006, 1593115357.7403245, 1593115357.867463, 1593115358.2136104, 1593115358.4883888, 1593115358.997354, 1593115359.2930186, 1593115359.7830827, 1593115360.4379387, 1593115360.9177577, 1593115361.448164, 1593115361.7243998, 1593115362.0594652, 1593115362.6195483, 1593115363.2327542, 1593115363.7739105, 1593115364.0634577, 1593115364.6403072, 1593115365.3034244, 1593115366.0531704, 1593115366.248315], "episode_lengths": [37, 26, 20, 16, 33, 34, 20, 42, 31, 48, 36, 24, 20, 41, 27, 31, 31, 31, 15, 26, 22, 18, 35, 37, 21, 24, 11, 19, 17, 19, 28, 16, 13, 18, 19, 15, 12, 39, 39, 25, 22, 39, 38, 14, 47, 44, 36, 26, 18, 94, 89, 127, 30, 24, 44, 24, 73, 28, 24, 17, 33, 66, 39, 18, 47, 16, 15, 41, 25, 34, 26, 36, 20, 39, 25, 15, 33, 103, 95, 10, 25, 33, 46, 60, 24, 31, 84, 28, 21, 14, 46, 47, 23, 73, 100, 57, 28, 75, 53, 106, 23, 87, 133, 99, 103, 52, 74, 91, 94, 115, 51, 116, 135, 160, 42], "episode_rewards": [37.0, 26.0, 20.0, 16.0, 33.0, 34.0, 20.0, 42.0, 31.0, 48.0, 36.0, 24.0, 20.0, 41.0, 27.0, 31.0, 31.0, 31.0, 15.0, 26.0, 22.0, 18.0, 35.0, 37.0, 21.0, 24.0, 11.0, 19.0, 17.0, 19.0, 28.0, 16.0, 13.0, 18.0, 19.0, 15.0, 12.0, 39.0, 39.0, 25.0, 22.0, 39.0, 38.0, 14.0, 47.0, 44.0, 36.0, 26.0, 18.0, 94.0, 89.0, 127.0, 30.0, 24.0, 44.0, 24.0, 73.0, 28.0, 24.0, 17.0, 33.0, 66.0, 39.0, 18.0, 47.0, 16.0, 15.0, 41.0, 25.0, 34.0, 26.0, 36.0, 20.0, 39.0, 25.0, 15.0, 33.0, 103.0, 95.0, 10.0, 25.0, 33.0, 46.0, 60.0, 24.0, 31.0, 84.0, 28.0, 21.0, 14.0, 46.0, 47.0, 23.0, 73.0, 100.0, 57.0, 28.0, 75.0, 53.0, 106.0, 23.0, 87.0, 133.0, 99.0, 103.0, 52.0, 74.0, 91.0, 94.0, 115.0, 51.0, 116.0, 135.0, 160.0, 42.0], "episode_types": ["t", "t", "t", "t", "t", "t", "t", "t", "t", "t", "t", "t", "t", "t", "t", "t", "t", "t", "t", "t", "t", "t", "t", "t", "t", "t", "t", "t", "t", "t", "t", "t", "t", "t", "t", "t", "t", "t", "t", "t", "t", "t", "t", "t", "t", "t", "t", "t", "t", "t", "t", "t", "t", "t", "t", "t", "t", "t", "t", "t", "t", "t", "t", "t", "t", "t", "t", "t", "t", "t", "t", "t", "t", "t", "t", "t", "t", "t", "t", "t", "t", "t", "t", "t", "t", "t", "t", "t", "t", "t", "t", "t", "t", "t", "t", "t", "t", "t", "t", "t", "t", "t", "t", "t", "t", "t", "t", "t", "t", "t", "t", "t", "t", "t", "t", "t"]}